{"cameraMode":{"drawMode":0,"name":"Shaded","section":"Shading Mode"},"sceneLighting":false,"audioPlay":false,"sceneViewState":{"showFog":false,"showMaterialUpdate":false,"showSkybox":false,"showFlares":false,"showImageEffects":false,"showParticleSystems":false},"in2DMode":false,"pivot":{"x":94.48284912109375,"y":-19.62929916381836,"z":74.78651428222656},"rotation":{"x":-0.4609578549861908,"y":0.2235344797372818,"z":-0.1211930587887764,"w":-0.850213348865509},"size":451.58892822265627,"orthographic":true}